nces_id,school_name,district_name,city_name,total_students,frl_eligible_students,national_school_lunch_program,admin_approved
440002100539,Achievement First Envision Ele,Achievement First Rhode Island,Providence,458,377,Yes under Community Eligibility Option (CEO),false
440002100495,Achievement First Iluminar,Achievement First Rhode Island,Cranston,465,365,Yes under Community Eligibility Option (CEO),false
440002100533,Achievement First Promesa,Achievement First Rhode Island,Providence,548,459,Yes under Community Eligibility Option (CEO),false
440002100486,Achievement First Providence,Achievement First Rhode Island,Providence,460,382,Yes under Community Eligibility Option (CEO),false
440002100538,Achievement First Providence H,Achievement First Rhode Island,Providence,458,377,Yes under Community Eligibility Option (CEO),false
440002100527,Af Iluminar Mayoral Middle Sch,Achievement First Rhode Island,Cranston,406,328,Yes under Community Eligibility Option (CEO),false
440002100515,Af Providence Mayoral Middle,Achievement First Rhode Island,Providence,405,348,Yes under Community Eligibility Option (CEO),true
440033000091,Agnes B. Hennessey School,East Providence,East Providence,242,160,Yes participating without using any Provision or the CEO,false
440084000187,Agnes E. Little School,Pawtucket,Pawtucket,320,269,Yes under Community Eligibility Option (CEO),false
440021000465,Alan Shawn Feinstein MS of Cov,Coventry,Coventry,944,348,Yes participating without using any Provision or the CEO,false
440090000124,Alfred Lima Sr. El School,Providence,Providence,662,599,Yes under Community Eligibility Option (CEO),false
440090000162,Anthony Carnevale Elementary,Providence,Providence,519,437,Yes under Community Eligibility Option (CEO),false
440024000229,Apprenticeship Exploration Sch,Cranston,Cranston,176,146,Yes participating without using any Provision or the CEO,true
440063000141,Aquidneck School,Middletown,Middletown,302,85,Yes participating without using any Provision or the CEO,false
440030000087,Archie R. Cole MS,East Greenwich,East Greenwich,597,84,Yes participating without using any Provision or the CEO,false
440024000042,Arlington School,Cranston,Cranston,209,162,Yes participating without using any Provision or the CEO,false
440090000213,Asa Messer El. School,Providence,Providence,557,468,Yes under Community Eligibility Option (CEO),false
440015000122,Ashaway Elementary School,Chariho,Ashaway,212,75,Yes participating without using any Provision or the CEO,false
440027000070,Ashton School,Cumberland,Cumberland,429,77,Yes participating without using any Provision or the CEO,false
440009000018,Austin T. Levy School,Burrillville,Harrisville,254,121,Yes participating without using any Provision or the CEO,false
440090000547,Aventure Academy,Providence,Providence,227,194,Yes under Community Eligibility Option (CEO),false
440027000039,B.f. Norton Elementary School,Cumberland,Cumberland,374,198,Yes participating without using any Provision or the CEO,false
440003000001,Barrington High School,Barrington,Barrington,1098,139,Yes participating without using any Provision or the CEO,false
440003000002,Barrington Middle School,Barrington,Barrington,763,91,Yes participating without using any Provision or the CEO,false
440000800297,Beacon Charter School,Beacon Charter School,Woonsocket,203,134,Yes participating without using any Provision or the CEO,true
440120000327,Bernon Heights School,Woonsocket,Woonsocket,405,259,Yes under Community Eligibility Option (CEO),false
440078000173,Birchwood Middle School,North Providence,North Providence,390,220,Yes participating without using any Provision or the CEO,true
440021000031,Blackrock School,Coventry,Coventry,322,178,Yes participating without using any Provision or the CEO,false
440003600246,Blackstone Academy Charter,Blackstone Academy,Pawtucket,357,290,Yes participating without using any Provision or the CEO,true
440001500473,Blackstone Valley Prep,Blackstone Valley Prep A RI Mayoral Academy,Cumberland,422,357,Yes under Community Eligibility Option (CEO),false
440001500480,Blackstone Valley Prep E. 2,Blackstone Valley Prep A RI Mayoral Academy,Cumberland,426,339,Yes under Community Eligibility Option (CEO),false
440001500496,Blackstone Valley Prep Element,Blackstone Valley Prep A RI Mayoral Academy,Cumberland,280,231,Yes under Community Eligibility Option (CEO),false
440001500488,Blackstone Valley Prep High,Blackstone Valley Prep A RI Mayoral Academy,Cumberland,405,299,Yes under Community Eligibility Option (CEO),true
440001500475,Blackstone Valley Prep Jr High,Blackstone Valley Prep A RI Mayoral Academy,Central Falls,323,260,Yes under Community Eligibility Option (CEO),true
440001500513,Blackstone Valley Prep Upper E,Blackstone Valley Prep A RI Mayoral Academy,Lincoln,380,281,Yes under Community Eligibility Option (CEO),false
440069000149,Block Island School,New Shoreham,Block Island,126,50,Yes participating without using any Provision or the CEO,false
440090000328,Bridge Academy,Providence,Providence,117,76,Yes under Community Eligibility Option (CEO),false
440102000210,Broad Rock Middle School,South Kingstown,Wakefield,554,159,Yes participating without using any Provision or the CEO,false
440054000125,Brown Avenue School,Johnston,Johnston,251,108,Yes participating without using any Provision or the CEO,false
440009000019,Burrillville High School,Burrillville,Harrisville,634,236,Yes participating without using any Provision or the CEO,false
440009000383,Burrillville Middle School,Burrillville,Harrisville,469,205,Yes participating without using any Provision or the CEO,false
440012000024,Calcutt Middle School,Central Falls,Central Falls,476,444,Yes under Community Eligibility Option (CEO),true
440039000114,Capt. Isaac Paine El. School,Foster,Foster,241,61,Yes participating without using any Provision or the CEO,false
440111000285,Cedar Hill School,Warwick,Warwick,299,79,Yes participating without using any Provision or the CEO,false
440012000026,Central Falls Sr High,Central Falls,Central Falls,788,748,Yes under Community Eligibility Option (CEO),true
440090000217,Central High School,Providence,Providence,1050,868,Yes under Community Eligibility Option (CEO),true
440078000174,Centredale School,North Providence,North Providence,221,134,Yes participating without using any Provision or the CEO,false
440003700519,Charette Charter School,Charette Charter,Providence,168,148,Yes under Community Eligibility Option (CEO),true
440015000286,Chariho Alternative Learning A,Chariho,Wood River Junction,71,46,Yes under Community Eligibility Option (CEO),true
440015000029,Chariho High School,Chariho,Wood River Junction,991,271,Yes participating without using any Provision or the CEO,false
440015000386,Chariho Regional Middle School,Chariho,Wood River Junction,834,252,Yes participating without using any Provision or the CEO,false
440084000201,Charles E. Shea High School,Pawtucket,Pawtucket,770,626,Yes under Community Eligibility Option (CEO),true
440015000030,Charlestown Elementary School,Chariho,Charlestown,246,77,Yes participating without using any Provision or the CEO,false
440072000485,Claiborne Pell Elementary,Newport,Newport,657,488,Yes under Community Eligibility Option (CEO),false
440090000218,Classical High School,Providence,Providence,1116,680,Yes under Community Eligibility Option (CEO),true
440096000252,Clayville School,Scituate,Clayville,140,31,Yes participating without using any Provision or the CEO,false
440006500468,Colt Andrews School,Bristol Warren,Bristol,307,148,Yes participating without using any Provision or the CEO,false
440027000075,Community School,Cumberland,Cumberland,545,49,Yes participating without using any Provision or the CEO,false
440090000156,Cornel Young & Charlotte Woods,Providence,Providence,635,529,Yes under Community Eligibility Option (CEO),false
440021000032,Coventry High School,Coventry,Coventry,1201,451,Yes participating without using any Provision or the CEO,false
440024000509,Cranston Early Learning Center,Cranston,Cranston,49,16,Yes participating without using any Provision or the CEO,false
440024000044,Cranston High School East,Cranston,Cranston,1525,1127,Yes participating without using any Provision or the CEO,true
440024000045,Cranston High School West,Cranston,Cranston,1653,598,Yes participating without using any Provision or the CEO,false
440027000076,Cumberland High School,Cumberland,Cumberland,1428,434,Yes participating without using any Provision or the CEO,false
440027000188,Cumberland Preschool Center,Cumberland,Cumberland,109,29,Yes participating without using any Provision or the CEO,false
440084000190,Cunningham School,Pawtucket,Pawtucket,355,331,Yes under Community Eligibility Option (CEO),false
440084000189,Curvin-McCabe School,Pawtucket,Pawtucket,353,262,Yes under Community Eligibility Option (CEO),false
440000400379,Davies Career-Tech High School,Davies Career and Tech,Lincoln,898,529,Yes under Community Eligibility Option (CEO),true
440075000165,Davisville Middle School,North Kingstown,North Kingstown,477,176,Yes participating without using any Provision or the CEO,false
440078000178,Dr. Edward Ricci School,North Providence,North Providence,378,227,Yes participating without using any Provision or the CEO,true
440090000344,Dr. Jorge Alvarez HS,Providence,Providence,447,356,Yes under Community Eligibility Option (CEO),true
440117000321,Dunn's Corners School,Westerly,Westerly,264,89,Yes participating without using any Provision or the CEO,false
440090000323,E-Cubed Academy,Providence,Providence,338,285,Yes under Community Eligibility Option (CEO),true
440054000452,Early Childhood Center,Johnston,Johnston,201,106,Yes participating without using any Provision or the CEO,false
440030000086,East Greenwich High,East Greenwich,East Greenwich,742,92,Yes participating without using any Provision or the CEO,false
440033000097,East Providence High,East Providence,East Providence,1691,892,Yes participating without using any Provision or the CEO,false
440024000047,Eden Park School,Cranston,Cranston,243,162,Yes participating without using any Provision or the CEO,false
440024000048,Edgewood Highland,Cranston,Cranston,276,186,Yes participating without using any Provision or the CEO,false
440033000348,Edward Martin Middle,East Providence,East Providence,564,310,Yes participating without using any Provision or the CEO,true
440024000049,Edward S. Rhodes School,Cranston,Cranston,287,132,Yes participating without using any Provision or the CEO,false
440084000191,Elizabeth Baldwin School,Pawtucket,Pawtucket,320,273,Yes under Community Eligibility Option (CEO),false
440012000027,Ella Risk School,Central Falls,Central Falls,414,373,Yes under Community Eligibility Option (CEO),false
440033000109,Emma G. Whiteknact School,East Providence,East Providence,216,149,Yes participating without using any Provision or the CEO,false
440090000401,Esek Hopkins Middle,Providence,Providence,398,354,Yes under Community Eligibility Option (CEO),true
440120100543,Excel Academy Rhode Island,Excel Academy Rhode Island,North Providence,312,249,Yes under Community Eligibility Option (CEO),false
440036000390,Exeter-West Greenwich Reg. Jr.,Exeter-West Greenwich,West Greenwich,256,48,Yes participating without using any Provision or the CEO,false
440036000391,Exeter-West Greenwich Regional,Exeter-West Greenwich,West Greenwich,452,105,Yes participating without using any Provision or the CEO,false
440084000192,Fallon Memorial School,Pawtucket,Pawtucket,520,383,Yes under Community Eligibility Option (CEO),false
440075000398,Fishing Cove El. School,North Kingstown,North Kingstown,346,108,Yes participating without using any Provision or the CEO,false
440084000193,Flora S. Curtis School,Pawtucket,Pawtucket,331,173,Yes under Community Eligibility Option (CEO),false
440045000119,Fogarty Memorial,Glocester,North Scituate,318,56,Yes participating without using any Provision or the CEO,false
440063000405,Forest Avenue School,Middletown,Middletown,304,109,Yes participating without using any Provision or the CEO,false
440075000166,Forest Park El. School,North Kingstown,North Kingstown,264,65,Yes participating without using any Provision or the CEO,false
440105000357,Fort Barton School,Tiverton,Tiverton,133,32,Yes participating without using any Provision or the CEO,false
440000800493,Founders Academy,Beacon Charter School,Woonsocket,158,111,Yes participating without using any Provision or the CEO,true
440084000194,Francis J. Varieur School,Pawtucket,Pawtucket,270,212,Yes under Community Eligibility Option (CEO),false
440090000228,Frank D. Spaziano Elem School,Providence,Providence,588,505,Yes under Community Eligibility Option (CEO),false
440072000155,Frank E. Thompson Middle,Newport,Newport,499,388,Yes under Community Eligibility Option (CEO),true
440030000088,Frenchtown School,East Greenwich,East Greenwich,273,35,Yes participating without using any Provision or the CEO,false
440012000025,G. Harold Hunt School,Central Falls,Central Falls,162,139,Yes under Community Eligibility Option (CEO),false
440024000050,Garden City School,Cranston,Cranston,530,282,Yes participating without using any Provision or the CEO,false
440027000081,Garvin Memorial,Cumberland,Cumberland,422,101,Yes participating without using any Provision or the CEO,false
440063000471,Gaudet Learning Academy,Middletown,Middletown,259,105,Yes participating without using any Provision or the CEO,false
440063000144,Gaudet Middle School,Middletown,Middletown,431,172,Yes participating without using any Provision or the CEO,false
440030000377,George Hanaford School,East Greenwich,East Greenwich,276,25,Yes participating without using any Provision or the CEO,false
440024000351,George J. Peters School,Cranston,Cranston,244,152,Yes participating without using any Provision or the CEO,false
440090000222,George J. West El. School,Providence,Providence,502,469,Yes under Community Eligibility Option (CEO),false
440024000051,Gladstone Street School,Cranston,Cranston,402,356,Yes participating without using any Provision or the CEO,false
440024000052,Glen Hills School,Cranston,Cranston,270,90,Yes participating without using any Provision or the CEO,false
440120000334,Globe Park School,Woonsocket,Woonsocket,519,363,Yes under Community Eligibility Option (CEO),false
440090000175,Governor Christopher Delsesto,Providence,Providence,818,718,Yes under Community Eligibility Option (CEO),true
440054000127,Graniteville School,Johnston,Johnston,152,56,Yes participating without using any Provision or the CEO,false
440114000402,Greenbush Elementary School,West Warwick,West Warwick,427,218,Yes under Community Eligibility Option (CEO),false
440111000291,Greenwood School,Warwick,Warwick,255,88,Yes participating without using any Provision or the CEO,false
440078000176,Greystone School,North Providence,North Providence,303,128,Yes participating without using any Provision or the CEO,false
440006500012,Guiteras School,Bristol Warren,Bristol,123,50,Yes participating without using any Provision or the CEO,false
440075000167,Hamilton School,North Kingstown,North Kingstown,447,49,Yes participating without using any Provision or the CEO,false
440003000003,Hampden Meadows School,Barrington,Barrington,471,60,Yes participating without using any Provision or the CEO,false
440120000336,Harris School,Woonsocket,Woonsocket,371,262,Yes under Community Eligibility Option (CEO),false
440090000216,Harry Kizirian Elementary,Providence,Providence,434,388,Yes under Community Eligibility Option (CEO),false
440084000195,Henry J. Winters School,Pawtucket,Pawtucket,550,474,Yes under Community Eligibility Option (CEO),false
440003100524,Highlander Elementary Charter,Highlander,Providence,269,227,Yes under Community Eligibility Option (CEO),false
440003100521,Highlander Secondary Charter S,Highlander,Warren,340,297,Yes under Community Eligibility Option (CEO),true
440111000293,Holliman School,Warwick,Warwick,280,143,Yes participating without using any Provision or the CEO,false
440090000224,Hope High School,Providence,Providence,775,659,Yes under Community Eligibility Option (CEO),true
440024000504,Hope Highlands Middle School,Cranston,Cranston,366,71,Yes participating without using any Provision or the CEO,false
440096000253,Hope School,Scituate,Hope,163,42,Yes participating without using any Provision or the CEO,false
440015000349,Hope Valley Elementary School,Chariho,Hope Valley,226,42,Yes participating without using any Provision or the CEO,false
440021000035,Hopkins Hill School,Coventry,Coventry,323,153,Yes participating without using any Provision or the CEO,false
440087000204,Howard Hathaway School,Portsmouth,Portsmouth,409,98,Yes participating without using any Provision or the CEO,false
440111000294,Hoxsie School,Warwick,Warwick,278,154,Yes participating without using any Provision or the CEO,false
440024000053,Hugh B. Bain Middle School,Cranston,Cranston,527,465,Yes participating without using any Provision or the CEO,true
440006500278,Hugh Cole School,Bristol Warren,Warren,517,236,Yes participating without using any Provision or the CEO,false
440003400226,International Charter School,International Charter,Pawtucket,377,250,Yes participating without using any Provision or the CEO,false
440084000466,Jacqueline M. Walsh School,Pawtucket,Pawtucket,173,78,Yes under Community Eligibility Option (CEO),true
440030000089,James H. Eldredge School,East Greenwich,East Greenwich,307,30,Yes participating without using any Provision or the CEO,false
440078000177,James L. McGuire School,North Providence,North Providence,384,187,Yes participating without using any Provision or the CEO,false
440033000532,James R. D. Oldham School,East Providence,Riverside,210,101,Yes participating without using any Provision or the CEO,false
440051000123,Jamestown School-Lawn,Jamestown,Jamestown,189,22,Yes participating without using any Provision or the CEO,false
440051000404,Jamestown School-Melrose,Jamestown,Jamestown,207,20,Yes participating without using any Provision or the CEO,false
440114000313,John F. Deering Middle,West Warwick,West Warwick,976,614,Yes under Community Eligibility Option (CEO),true
440114000315,John F. Horgan School,West Warwick,West Warwick,475,333,Yes under Community Eligibility Option (CEO),false
440027000077,John J. McLaughlin Cumberland,Cumberland,Cumberland,413,92,Yes participating without using any Provision or the CEO,false
440054000128,Johnston Senior High,Johnston,Johnston,826,460,Yes participating without using any Provision or the CEO,true
440078000182,Joseph A. Whelan School,North Providence,North Providence,252,148,Yes participating without using any Provision or the CEO,false
440084000197,Joseph Jenks Middle School,Pawtucket,Pawtucket,697,561,Yes under Community Eligibility Option (CEO),true
440027000078,Joseph L. McCourt MS,Cumberland,Cumberland,482,215,Yes participating without using any Provision or the CEO,false
440033000099,Kent Heights School,East Providence,East Providence,251,141,Yes participating without using any Provision or the CEO,false
440120000331,Kevin K. Coleman School,Woonsocket,Woonsocket,256,172,Yes under Community Eligibility Option (CEO),false
440006500282,Kickemuit Middle School,Bristol Warren,Warren,633,248,Yes participating without using any Provision or the CEO,false
440003300225,Kingston Hill Academy,Kingston Hill Academy,Saunderstown,260,49,Yes participating without using any Provision or the CEO,false
440120000330,Leo A. Savoie School,Woonsocket,Woonsocket,380,237,Yes under Community Eligibility Option (CEO),false
440090000237,Leviton Dual Language School,Providence,Providence,288,248,Yes under Community Eligibility Option (CEO),false
440090000243,Lillian Feinstein El. School,Providence,Providence,429,367,Yes under Community Eligibility Option (CEO),false
440057000134,Lincoln Central Elem.,Lincoln,Lincoln,416,53,Yes participating without using any Provision or the CEO,false
440057000062,Lincoln Middle School,Lincoln,Lincoln,773,296,Yes participating without using any Provision or the CEO,false
440057000135,Lincoln Senior High School,Lincoln,Lincoln,973,326,Yes participating without using any Provision or the CEO,false
440111000296,Lippitt School,Warwick,Warwick,223,129,Yes participating without using any Provision or the CEO,false
440057000137,Lonsdale Elementary,Lincoln,Lincoln,286,96,Yes participating without using any Provision or the CEO,false
440084000198,Lyman B. Goff Middle School,Pawtucket,Pawtucket,637,455,Yes under Community Eligibility Option (CEO),true
440114000514,Maisie E. Quinn School,West Warwick,West Warwick,91,51,Yes under Community Eligibility Option (CEO),false
440090000230,Martin Luther King El. School,Providence,Providence,430,329,Yes under Community Eligibility Option (CEO),false
440090000231,Mary E. Fogarty El. School,Providence,Providence,430,387,Yes under Community Eligibility Option (CEO),false
440102000263,Matunuck School,South Kingstown,Wakefield,246,61,Yes participating without using any Provision or the CEO,false
440030000090,Meadowbrook Farms School,East Greenwich,East Greenwich,281,30,Yes participating without using any Provision or the CEO,false
440087000206,Melville School,Portsmouth,Portsmouth,316,50,Yes participating without using any Provision or the CEO,false
440036000111,Metcalf School,Exeter-West Greenwich,Exeter,522,131,Yes participating without using any Provision or the CEO,false
440000300121,Metropolitan Career Tech Ctr,MET Career and Tech,Providence,817,587,Yes under Community Eligibility Option (CEO),true
440063000147,Middletown High School,Middletown,Middletown,523,174,Yes participating without using any Provision or the CEO,false
440036000112,Mildred E. Lineham School,Exeter-West Greenwich,West Greenwich,84,15,Yes participating without using any Provision or the CEO,false
440090000232,Mount Pleasant High,Providence,Providence,997,895,Yes under Community Eligibility Option (CEO),true
440006500009,Mt. Hope High School,Bristol Warren,Bristol,787,315,Yes participating without using any Provision or the CEO,false
440033000389,Myron J. Francis Elementary,East Providence,Rumford,391,140,Yes participating without using any Provision or the CEO,false
440066000150,Narragansett Elementary,Narragansett,Narragansett,331,88,Yes participating without using any Provision or the CEO,false
440066000151,Narragansett High School,Narragansett,Narragansett,372,89,Yes participating without using any Provision or the CEO,false
440066000396,Narragansett Pier School,Narragansett,Narragansett,263,79,Yes participating without using any Provision or the CEO,false
440090000474,Nathan Bishop Middle,Providence,Providence,719,576,Yes under Community Eligibility Option (CEO),true
440090000234,Nathanael Greene Middle,Providence,Providence,815,734,Yes under Community Eligibility Option (CEO),true
440084000199,Nathanael Greene School,Pawtucket,Pawtucket,397,295,Yes under Community Eligibility Option (CEO),false
440003000004,Nayatt School,Barrington,Barrington,356,23,Yes participating without using any Provision or the CEO,false
440054000129,Nicholas A. Ferri Middle,Johnston,Johnston,720,426,Yes participating without using any Provision or the CEO,true
440027000082,North Cumberland Middle,Cumberland,Cumberland,643,89,Yes participating without using any Provision or the CEO,false
440075000168,North Kingstown Sr. High,North Kingstown,North Kingstown,1278,288,Yes participating without using any Provision or the CEO,false
440078000180,North Providence High,North Providence,North Providence,1085,569,Yes participating without using any Provision or the CEO,false
440096000254,North Scituate School,Scituate,North Scituate,238,59,Yes participating without using any Provision or the CEO,false
440081000186,North Smitfield HS,North Smithfield,North Smithfield,532,132,Yes participating without using any Provision or the CEO,false
440081000399,North Smithfield Elementary,North Smithfield,North Smithfield,583,143,Yes participating without using any Provision or the CEO,false
440081000469,North Smithfield MS,North Smithfield,North Smithfield,502,130,Yes participating without using any Provision or the CEO,false
440057000138,Northern Lincoln Elem.,Lincoln,Manville,495,229,Yes participating without using any Provision or the CEO,false
440111000298,Norwood School,Warwick,Warwick,265,170,Yes participating without using any Provision or the CEO,false
440003800540,Nuestro Mundo Public Charter S,Nuestro Mundo Public Charter,Providence,292,249,Yes under Community Eligibility Option (CEO),false
440024000059,Oak Lawn School,Cranston,Cranston,247,39,Yes participating without using any Provision or the CEO,false
440111000299,Oakland Beach School,Warwick,Warwick,326,200,Yes participating without using any Provision or the CEO,false
440099000258,Old County Road School,Smithfield,Smithfield,228,79,Yes participating without using any Provision or the CEO,false
440024000277,Orchard Farms El. School,Cranston,Cranston,444,73,Yes participating without using any Provision or the CEO,false
440033000103,Orlo Avenue School,East Providence,East Providence,245,158,Yes participating without using any Provision or the CEO,false
440111000300,Park School,Warwick,Warwick,225,112,Yes participating without using any Provision or the CEO,false
440024000060,Park View Middle School,Cranston,Cranston,711,468,Yes participating without using any Provision or the CEO,false
440003200520,Paul Cuffee Lower School,Paul Cuffee Charter Sch,Providence,358,309,Yes participating without using any Provision or the CEO,false
440003200525,Paul Cuffee Middle School,Paul Cuffee Charter Sch,Providence,189,170,Yes participating without using any Provision or the CEO,true
440003200526,Paul Cuffee Upper School,Paul Cuffee Charter Sch,Providence,243,220,Yes participating without using any Provision or the CEO,true
440102000264,Peace Dale School,South Kingstown,Peace Dale,412,155,Yes participating without using any Provision or the CEO,false
440111000301,Pilgrim High School,Warwick,Warwick,1137,525,Yes participating without using any Provision or the CEO,false
440099000537,Pleasant View Elementary Schoo,Smithfield,Smithfield,552,77,Yes participating without using any Provision or the CEO,false
440090000236,Pleasant View School,Providence,Providence,433,348,Yes under Community Eligibility Option (CEO),false
440105000273,Pocasset School,Tiverton,Tiverton,210,89,Yes participating without using any Provision or the CEO,false
440042000116,Ponaganset High School,Foster-Glocester,North Scituate,869,209,Yes participating without using any Provision or the CEO,false
440042000117,Ponaganset Middle School,Foster-Glocester,North Scituate,396,100,Yes participating without using any Provision or the CEO,false
440087000207,Portsmouth High School,Portsmouth,Portsmouth,785,149,Yes participating without using any Provision or the CEO,false
440087000208,Portsmouth Middle School,Portsmouth,Portsmouth,604,126,Yes participating without using any Provision or the CEO,false
440120000531,Pothier-Citizens Elem Campus,Woonsocket,Woonsocket,669,441,Yes under Community Eligibility Option (CEO),false
440084000196,Potter-Burns School,Pawtucket,Pawtucket,430,282,Yes under Community Eligibility Option (CEO),false
440003000006,Primrose Hill School,Barrington,Barrington,329,54,Yes participating without using any Provision or the CEO,false
440090000467,Providence Career Technical,Providence,Providence,759,659,Yes under Community Eligibility Option (CEO),true
440003900541,Providence Preparatory Charter,Providence Preparatory Charter,Providence,244,243,Yes under Community Eligibility Option (CEO),false
440000100380,R.i. School for the Deaf,R.I. Sch for the Deaf,Providence,77,57,Yes under Community Eligibility Option (CEO),true
440012000529,Raices Dual Language Academy,Central Falls,Central Falls,206,199,Yes under Community Eligibility Option (CEO),false
440012000542,Raices Upper Dual Language Acd,Central Falls,Central falls,63,62,Yes under Community Eligibility Option (CEO),false
440105000276,Ranger School,Tiverton,Tiverton,212,57,Yes participating without using any Provision or the CEO,false
440099000257,Raymond Laperche School,Smithfield,Smithfield,337,62,Yes participating without using any Provision or the CEO,false
440090000240,Reservoir Avenue School,Providence,Providence,289,260,Yes under Community Eligibility Option (CEO),false
440015000251,Richmond Elementary School,Chariho,Wyoming,371,116,Yes participating without using any Provision or the CEO,false
440001900479,Rini Middle College,Rhode Island Nurses Institute Middle College,Providence,462,389,Yes under Community Eligibility Option (CEO),true
440002900548,Rise Prep Mayoral Acad High,RISE Prep Mayoral Academy,Woonsocket,62,51,Yes participating without using any Provision or the CEO,false
440002900494,Rise Prep Mayoral Academy,RISE Prep Mayoral Academy,Woonsocket,573,384,Yes participating without using any Provision or the CEO,false
440033000105,Riverside Middle School,East Providence,Riverside,549,318,Yes participating without using any Provision or the CEO,true
440090000241,Robert F. Kennedy El. School,Providence,Providence,451,313,Yes under Community Eligibility Option (CEO),false
440090000071,Robert L. Bailey IV,Providence,Providence,444,395,Yes under Community Eligibility Option (CEO),false
440111000304,Robertson School,Warwick,Warwick,259,127,Yes participating without using any Provision or the CEO,false
440006500016,Rockwell School,Bristol Warren,Bristol,260,46,Yes participating without using any Provision or the CEO,false
440090000242,Roger Williams Middle,Providence,Providence,786,706,Yes under Community Eligibility Option (CEO),true
440072000159,Rogers High School,Newport,Newport,599,415,Yes under Community Eligibility Option (CEO),true
440084000200,Samuel Slater Middle School,Pawtucket,Pawtucket,590,513,Yes under Community Eligibility Option (CEO),true
440054000130,Sarah Dyer Barnes School,Johnston,Johnston,266,136,Yes participating without using any Provision or the CEO,false
440057000139,Saylesville Elementary,Lincoln,Lincoln,312,110,Yes participating without using any Provision or the CEO,false
440096000255,Scituate High School,Scituate,North Scituate,387,91,Yes participating without using any Provision or the CEO,false
440096000036,Scituate Middle School,Scituate,North Scituate,260,57,Yes participating without using any Provision or the CEO,false
440111000305,Scott School,Warwick,Warwick,189,94,Yes participating without using any Provision or the CEO,false
440001400472,Segue Inst for Learning,Segue Institute for Learning,Central Falls,359,333,Yes under Community Eligibility Option (CEO),true
440001400551,Segue Institute Learning High,Segue Institute for Learning,Central Falls,55,49,Yes under Community Eligibility Option (CEO),false
440002400483,Sheila Skip Nowell,Sheila Skip Nowell Leadership Academy,Providence,187,186,Yes under Community Eligibility Option (CEO),true
440111000306,Sherman School,Warwick,Warwick,324,155,Yes participating without using any Provision or the CEO,false
440033000106,Silver Spring School,East Providence,East Providence,223,123,Yes participating without using any Provision or the CEO,false
440099000259,Smithfield High School,Smithfield,Smithfield,729,148,Yes participating without using any Provision or the CEO,false
440102000265,South Kingstown High,South Kingstown,Wakefield,688,177,Yes participating without using any Provision or the CEO,false
440002800490,Southside Elementary Charter,SouthSide Charter School,Providence,135,109,Yes under Community Eligibility Option (CEO),false
440003000005,Sowams Elementary School,Barrington,Barrington,250,22,Yes participating without using any Provision or the CEO,false
440117000120,Springbrook Elementary School,Westerly,Westerly,243,151,Yes participating without using any Provision or the CEO,false
440024000063,Stadium School,Cranston,Cranston,227,176,Yes participating without using any Provision or the CEO,false
440117000362,State Street School,Westerly,Westerly,212,98,Yes participating without using any Provision or the CEO,false
440009000057,Steere Farm Elementary School,Burrillville,Pascoag,268,95,Yes participating without using any Provision or the CEO,false
440078000181,Stephen Olney School,North Providence,North Providence,388,184,Yes participating without using any Provision or the CEO,false
440024000064,Stone Hill School,Cranston,Cranston,234,109,Yes participating without using any Provision or the CEO,false
440075000170,Stony Lane El. School,North Kingstown,North Kingstown,385,70,Yes participating without using any Provision or the CEO,false
440075000169,Suzanne M. Henseler Quidnesset,North Kingstown,North Kingstown,212,138,Yes under Community Eligibility Option (CEO),false
440003500245,The Compass School,The Compass School,Kingston,217,39,Yes participating without using any Provision or the CEO,false
440001700477,The Greene School,The Greene School,West Greenwich,189,86,Yes participating without using any Provision or the CEO,true
440002700489,The Hope Academy,The Hope Academy,Providence,320,258,Yes participating without using any Provision or the CEO,false
440000600326,The Learning Community,Learning Community,Central Falls,569,510,Yes under Community Eligibility Option (CEO),true
440054000131,Thornton School,Johnston,Johnston,340,234,Yes participating without using any Provision or the CEO,false
440090000528,Times2 Elementary School,Providence,Providence,322,275,Yes under Community Eligibility Option (CEO),false
440090000530,Times2 Middle/High School,Providence,Providence,383,291,Yes under Community Eligibility Option (CEO),false
440021000365,Tiogue School,Coventry,Coventry,328,149,Yes participating without using any Provision or the CEO,false
440105000274,Tiverton High School,Tiverton,Tiverton,430,151,Yes participating without using any Provision or the CEO,false
440105000275,Tiverton Middle School,Tiverton,Tiverton,499,173,Yes participating without using any Provision or the CEO,false
440111000307,Toll Gate High School,Warwick,Warwick,1104,507,Yes participating without using any Provision or the CEO,false
440001800478,Trinity Academy Performing Art,Trinity Academy for the Performing Arts,Providence,234,190,Yes under Community Eligibility Option (CEO),true
440000500271,Urban Collaborative Program,Urban Collaborative,Providence,145,145,Yes under Community Eligibility Option (CEO),false
440090000221,Vartan Gregorian El. School,Providence,Providence,311,131,Yes under Community Eligibility Option (CEO),false
440090000013,Veazie Street School,Providence,Providence,440,373,Yes under Community Eligibility Option (CEO),false
440012000385,Veterans Memorial Elementary,Central Falls,Central Falls,406,383,Yes under Community Eligibility Option (CEO),false
440002500487,Village Green Virtual,Village Green Virtual,Providence,203,200,Yes under Community Eligibility Option (CEO),true
440099000260,Vincent J. Gallagher Middle,Smithfield,Smithfield,502,104,Yes participating without using any Provision or the CEO,false
440090000209,W B Cooley & Acad Internationa,Providence,Providence,685,568,Yes under Community Eligibility Option (CEO),true
440024000068,W. R. Dutemple School,Cranston,Cranston,254,179,Yes participating without using any Provision or the CEO,false
440033000092,Waddington School,East Providence,Riverside,554,265,Yes participating without using any Provision or the CEO,false
440114000238,Wakefield Hills El. School,West Warwick,West Warwick,373,237,Yes under Community Eligibility Option (CEO),false
440111000287,Warwick Early Learning Center,Warwick,Warwick,207,82,Yes participating without using any Provision or the CEO,false
440111000308,Warwick Neck School,Warwick,Warwick,290,133,Yes participating without using any Provision or the CEO,false
440111000512,Warwick Veterans Middle School,Warwick,Warwick,1059,530,Yes participating without using any Provision or the CEO,false
440021000034,Washington Oak School,Coventry,Coventry,594,152,Yes participating without using any Provision or the CEO,false
440036000038,Wawaloam School,Exeter-West Greenwich,Exeter,215,42,Yes participating without using any Provision or the CEO,false
440090000247,Webster Avenue School,Providence,Providence,308,258,Yes under Community Eligibility Option (CEO),false
440090000491,West Broadway Middle School,Providence,Providence,516,462,Yes under Community Eligibility Option (CEO),true
440045000403,West Glocester Elementary,Glocester,Chepachet,243,69,Yes participating without using any Provision or the CEO,false
440102000270,West Kingston School,South Kingstown,West Kingston,313,67,Yes participating without using any Provision or the CEO,false
440114000318,West Warwick High School,West Warwick,West Warwick,1081,606,Yes under Community Eligibility Option (CEO),true
440117000325,Westerly High School,Westerly,Westerly,650,250,Yes participating without using any Provision or the CEO,false
440117000499,Westerly Inclusion Preschool P,Westerly,Westerly,87,34,Yes participating without using any Provision or the CEO,false
440117000319,Westerly Middle School,Westerly,Westerly,639,280,Yes participating without using any Provision or the CEO,false
440021000041,Western Coventry School,Coventry,Coventry,298,93,Yes participating without using any Provision or the CEO,false
440024000067,Western Hills Middle School,Cranston,Cranston,727,344,Yes participating without using any Provision or the CEO,false
440075000172,Wickford Middle School,North Kingstown,North Kingstown,339,84,Yes participating without using any Provision or the CEO,false
440060000140,Wilbur and McMahon Schools,Little Compton,Little Compton,216,39,Yes participating without using any Provision or the CEO,false
440009000022,William Callahan School,Burrillville,Harrisville,310,154,Yes participating without using any Provision or the CEO,false
440090000248,William D'Abate Elem. School,Providence,Providence,398,353,Yes under Community Eligibility Option (CEO),false
440084000202,William E. Tolman High,Pawtucket,Pawtucket,995,709,Yes under Community Eligibility Option (CEO),true
440111000311,Winman Middle School,Warwick,Warwick,706,303,Yes participating without using any Provision or the CEO,false
440054000132,Winsor Hill School,Johnston,Johnston,380,230,Yes participating without using any Provision or the CEO,false
440024000069,Woodridge School,Cranston,Cranston,260,112,Yes participating without using any Provision or the CEO,false
440120000345,Woonsocket High School,Woonsocket,Woonsocket,1646,1103,Yes under Community Eligibility Option (CEO),true
440120000517,Woonsocket Middle @ Villa Nova,Woonsocket,Woonsocket,542,370,Yes under Community Eligibility Option (CEO),true
440120000516,Woonsocket Middle at Hamlet,Woonsocket,Woonsocket,537,392,Yes under Community Eligibility Option (CEO),true
440111000312,Wyman School,Warwick,Warwick,262,119,Yes participating without using any Provision or the CEO,false
440120200544,Youthbuild Preparatory Academy,YouthBuild Preparatory Academy,Providence,115,91,Yes under Community Eligibility Option (CEO),false
