nces_id,school_name,district_name,city_name,total_students,frl_eligible_students,national_school_lunch_program,admin_approved,min_grade,max_grade
560147000454,4-J Elementary School,Campbell County School District #1,Gillette,35,4,Yes participating without using any Provision or the CEO,false,Kindergarten,6th Grade
560198000480,Afflerbach Elementary,Laramie County School District #1,Cheyenne,352,240,Yes under Community Eligibility Option (CEO),false,Prekindergarten,6th Grade
560406000204,Afton Elementary,Lincoln County School District #2,Afton,419,149,Yes participating without using any Provision or the CEO,false,Prekindergarten,3rd Grade
560412000208,Albin Elementary,Laramie County School District #2,Albin,43,27,Yes participating without using any Provision or the CEO,false,Kindergarten,6th Grade
560583000337,Alta Elementary,Teton County School District #1,Alta,33,5,Yes participating without using any Provision or the CEO,false,Kindergarten,5th Grade
560198000096,Alta Vista Elementary,Laramie County School District #1,Cheyenne,227,154,Yes participating without using any Provision or the CEO,false,Prekindergarten,6th Grade
560198000438,Anderson Elementary,Laramie County School District #1,Cheyenne,292,103,Yes participating without using any Provision or the CEO,false,Prekindergarten,4th Grade
560073000601,Antelope Creek School,Albany County School District #1,Laramie,2,,No,false,Kindergarten,8th Grade
560096000367,Arapahoe Charter High School,Fremont County School District #38,Arapahoe,54,54,Yes under Community Eligibility Option (CEO),true,9th Grade,12th Grade
560096000162,Arapahoe Elementary,Fremont County School District #38,Arapahoe,392,381,Yes under Community Eligibility Option (CEO),true,Prekindergarten,8th Grade
560198000097,Arp Elementary,Laramie County School District #1,Cheyenne,332,225,Yes under Community Eligibility Option (CEO),false,Prekindergarten,6th Grade
560276000462,Aspen Elementary,Uinta County School District #1,Evanston,287,143,Yes participating without using any Provision or the CEO,false,Kindergarten,5th Grade
560522000572,Aspen Elementary School,Fremont County School District #25,Riverton,286,124,Yes participating without using any Provision or the CEO,false,Prekindergarten,4th Grade
560198000098,Baggs Elementary,Laramie County School District #1,Cheyenne,336,217,Yes participating without using any Provision or the CEO,false,Prekindergarten,6th Grade
560198000099,Bain Elementary,Laramie County School District #1,Cheyenne,221,158,Yes under Community Eligibility Option (CEO),false,Kindergarten,6th Grade
560287000539,Baldwin Creek Elementary,Fremont County School District # 1,Lander,210,77,Yes participating without using any Provision or the CEO,false,4th Grade,5th Grade
560451000445,Bar Nunn Elementary,Natrona County School District #1,Casper,227,109,Yes participating without using any Provision or the CEO,false,Prekindergarten,5th Grade
560569000395,Big Horn Elementary,Sheridan County School District #1,Big Horn,216,27,Yes participating without using any Provision or the CEO,false,Kindergarten,5th Grade
560569000311,Big Horn High School,Sheridan County School District #1,Big Horn,169,,No,false,9th Grade,12th Grade
560569000446,Big Horn Middle School,Sheridan County School District #1,Big Horn,134,,No,false,6th Grade,8th Grade
560126000043,Big Piney Elementary,Sublette County School District #9,Big Piney,138,70,Yes participating without using any Provision or the CEO,false,Kindergarten,5th Grade
560126000041,Big Piney High School,Sublette County School District #9,Big Piney,150,56,Yes participating without using any Provision or the CEO,false,9th Grade,12th Grade
560126000042,Big Piney Middle School,Sublette County School District #9,Big Piney,105,45,Yes participating without using any Provision or the CEO,true,6th Grade,8th Grade
560530200359,Black Butte High School,Sweetwater County School District #1,Rock Springs,103,50,Yes participating without using any Provision or the CEO,false,9th Grade,12th Grade
560486000269,Bondurant Elementary,Sublette County School District #1,Bondurant,4,,No,false,Kindergarten,3rd Grade
560377000187,Buffalo High School,Johnson County School District #1,Buffalo,317,76,Yes participating without using any Provision or the CEO,false,9th Grade,12th Grade
560198000100,Buffalo Ridge Elementary,Laramie County School District #1,Cheyenne,153,66,Yes participating without using any Provision or the CEO,false,Kindergarten,4th Grade
560147000546,Buffalo Ridge Elementary,Campbell County School District #1,Gillette,413,117,Yes participating without using any Provision or the CEO,false,Kindergarten,6th Grade
560142000049,Burlington Elementary,Big Horn County School District #1,Burlington,119,62,Yes participating without using any Provision or the CEO,false,Prekindergarten,5th Grade
560142000478,Burlington High School,Big Horn County School District #1,Burlington,69,33,Yes participating without using any Provision or the CEO,true,9th Grade,12th Grade
560142000477,Burlington Middle School,Big Horn County School District #1,Burlington,52,31,Yes participating without using any Provision or the CEO,true,6th Grade,8th Grade
560412000504,Burns Elementary,Laramie County School District #2,Burns,245,96,Yes participating without using any Provision or the CEO,false,Kindergarten,6th Grade
560412000209,Burns Jr & Sr High School,Laramie County School District #2,Burns,307,105,Yes participating without using any Provision or the CEO,false,7th Grade,12th Grade
560451000232,C Y Middle School,Natrona County School District #1,Casper,766,284,Yes participating without using any Provision or the CEO,true,6th Grade,8th Grade
568025000048,C-V Ranch,BOCES 5,Wilson,0,,No,true,1st Grade,12th Grade
560147000057,Campbell County High School,Campbell County School District #1,Gillette,1212,471,Yes participating without using any Provision or the CEO,false,9th Grade,12th Grade
560403000555,Canyon Elementary School,Lincoln County School District #1,Kemmerer,331,,No,false,Kindergarten,6th Grade
560198000093,Carey Junior High School,Laramie County School District #1,Cheyenne,800,329,Yes participating without using any Provision or the CEO,false,7th Grade,8th Grade
560412000211,Carpenter Elementary,Laramie County School District #2,Carpenter,69,32,Yes participating without using any Provision or the CEO,false,Kindergarten,6th Grade
560451000183,Casper Classical Academy,Natrona County School District #1,Casper,516,290,Yes participating without using any Provision or the CEO,false,6th Grade,9th Grade
560000900145,Cathedral Home for Children,Cathedral Home for Children - Administration Office,Laramie,0,,No,true,4th Grade,12th Grade
560073000007,Centennial Elementary,Albany County School District #1,Centennial,4,,Yes participating without using any Provision or the CEO,false,Kindergarten,5th Grade
560451000470,Centennial Middle School,Natrona County School District #1,Casper,755,265,Yes participating without using any Provision or the CEO,false,6th Grade,8th Grade
560198000090,Central High School,Laramie County School District #1,Cheyenne,1270,238,Yes participating without using any Provision or the CEO,false,9th Grade,12th Grade
568025700597,Cheyenne Classical Academy,Cheyenne Classical Academy,Cheyenne,150,,No,false,Kindergarten,5th Grade
560276000155,Clark Elementary,Uinta County School District #1,Evanston,194,105,Yes participating without using any Provision or the CEO,false,Kindergarten,5th Grade
560516000280,Clark Elementary,Park County School District # 1,Powell,14,11,Yes participating without using any Provision or the CEO,false,Kindergarten,5th Grade
560198000114,Clawson Elementary,Laramie County School District #1,Horse Creek,9,,No,false,Kindergarten,6th Grade
560377000191,Clear Creek Middle School,Johnson County School District #1,Buffalo,240,89,Yes participating without using any Provision or the CEO,false,6th Grade,8th Grade
560568000569,Clearmont K-12 School,Sheridan County School District #3,Clearmont,86,,No,false,Prekindergarten,12th Grade
560377000417,Cloud Peak Elementary,Johnson County School District #1,Buffalo,225,81,Yes participating without using any Provision or the CEO,false,3rd Grade,5th Grade
560207000121,Cody High School,Park County School District # 6,Cody,604,172,Yes participating without using any Provision or the CEO,false,9th Grade,12th Grade
560207000351,Cody Middle School,Park County School District # 6,Cody,466,185,Yes participating without using any Provision or the CEO,false,6th Grade,8th Grade
560406000205,Cokeville Elementary,Lincoln County School District #2,Cokeville,94,43,Yes participating without using any Provision or the CEO,false,Kindergarten,6th Grade
560406000381,Cokeville High School,Lincoln County School District #2,Cokeville,98,36,Yes participating without using any Provision or the CEO,false,7th Grade,12th Grade
560198000102,Cole Elementary,Laramie County School District #1,Cheyenne,164,106,Yes under Community Eligibility Option (CEO),false,Prekindergarten,6th Grade
560583000289,Colter Elementary,Teton County School District #1,Jackson,318,58,Yes participating without using any Provision or the CEO,false,Kindergarten,5th Grade
560147000409,Conestoga Elementary,Campbell County School District #1,Gillette,348,143,Yes participating without using any Provision or the CEO,false,Kindergarten,6th Grade
560451000377,Cottonwood Elementary,Natrona County School District #1,Casper,347,233,Yes participating without using any Provision or the CEO,false,Prekindergarten,5th Grade
560147000064,Cottonwood Elementary,Campbell County School District #1,Wright,198,97,Yes participating without using any Provision or the CEO,false,Prekindergarten,6th Grade
560198000595,Coyote Ridge,Laramie County School District #1,Cheyenne,415,105,Yes participating without using any Provision or the CEO,false,5th Grade,6th Grade
560451000236,Crest Hill Elementary,Natrona County School District #1,Casper,234,109,Yes participating without using any Provision or the CEO,false,Kindergarten,5th Grade
560283000159,Crowheart Elementary,Fremont County School District # 6,Crowheart,7,,Yes under Community Eligibility Option (CEO),false,Prekindergarten,3rd Grade
560198000104,Davis Elementary,Laramie County School District #1,Cheyenne,210,84,Yes participating without using any Provision or the CEO,false,Kindergarten,4th Grade
560276000153,Davis Middle School,Uinta County School District #1,Evanston,309,172,Yes participating without using any Provision or the CEO,true,6th Grade,8th Grade
560451000233,Dean Morgan Middle School,Natrona County School District #1,Casper,613,357,Yes participating without using any Provision or the CEO,true,6th Grade,8th Grade
560198000105,Deming Elementary,Laramie County School District #1,Cheyenne,96,41,Yes participating without using any Provision or the CEO,false,Prekindergarten,3rd Grade
560530200297,Desert Elementary,Sweetwater County School District #1,Wamsutter,27,20,Yes participating without using any Provision or the CEO,false,Kindergarten,6th Grade
560530200523,Desert Middle School,Sweetwater County School District #1,Wamsutter,8,,Yes participating without using any Provision or the CEO,false,7th Grade,8th Grade
560530200298,Desert View Elementary,Sweetwater County School District #1,Rock Springs,181,126,Yes participating without using any Provision or the CEO,false,Kindergarten,3rd Grade
560198000106,Dildine Elementary,Laramie County School District #1,Cheyenne,298,146,Yes participating without using any Provision or the CEO,false,Kindergarten,4th Grade
560214000127,Douglas High School,Converse County School District #1,Douglas,511,173,Yes participating without using any Provision or the CEO,false,9th Grade,12th Grade
560214000553,Douglas Intermediate School,Converse County School District #1,Douglas,229,108,Yes participating without using any Provision or the CEO,false,2nd Grade,3rd Grade
560214000368,Douglas Middle School,Converse County School District #1,Douglas,389,149,Yes participating without using any Provision or the CEO,false,6th Grade,8th Grade
560214000128,Douglas Primary School,Converse County School District #1,Douglas,210,128,Yes under Community Eligibility Option (CEO),false,Kindergarten,1st Grade
560214000352,Douglas Upper Elementary School,Converse County School District #1,Douglas,251,121,Yes participating without using any Provision or the CEO,false,4th Grade,5th Grade
560214000129,Dry Creek Elementary,Converse County School District #1,Douglas,8,,No,true,Kindergarten,8th Grade
560267000432,Dubois Elementary,Fremont County School District # 2,Dubois,72,33,Yes participating without using any Provision or the CEO,false,Prekindergarten,5th Grade
560267000151,Dubois High School,Fremont County School District # 2,Dubois,59,29,Yes participating without using any Provision or the CEO,false,9th Grade,12th Grade
560267000366,Dubois Middle School,Fremont County School District # 2,Dubois,51,26,Yes participating without using any Provision or the CEO,true,6th Grade,8th Grade
560198000091,East High School,Laramie County School District #1,Cheyenne,1566,476,Yes participating without using any Provision or the CEO,false,9th Grade,12th Grade
560624000579,East Side Elementary,Washakie County School District #1,Worland,151,76,Yes participating without using any Provision or the CEO,false,Kindergarten,1st Grade
560207000122,Eastside Elementary,Park County School District # 6,Cody,294,144,Yes participating without using any Provision or the CEO,false,Kindergarten,5th Grade
560530200419,Eastside Elementary,Sweetwater County School District #1,Rock Springs,541,348,Yes participating without using any Provision or the CEO,false,4th Grade,6th Grade
560170000387,Encampment K-12 School,Carbon County School District #2,Encampment,120,50,Yes under Community Eligibility Option (CEO),false,Kindergarten,12th Grade
560406000207,Etna Elementary,Lincoln County School District #2,Etna,274,93,Yes participating without using any Provision or the CEO,false,4th Grade,6th Grade
560276000152,Evanston High School,Uinta County School District #1,Evanston,771,335,Yes participating without using any Provision or the CEO,false,9th Grade,12th Grade
560276000463,Evanston Middle School,Uinta County School District #1,Evanston,324,174,Yes participating without using any Provision or the CEO,true,6th Grade,8th Grade
560451000237,Evansville Elementary,Natrona County School District #1,Evansville,277,177,Yes participating without using any Provision or the CEO,false,Prekindergarten,5th Grade
560576200164,Expedition Academy,Sweetwater County School District #2,Green River,35,17,Yes participating without using any Provision or the CEO,false,9th Grade,12th Grade
560198000108,Fairview Elementary,Laramie County School District #1,Cheyenne,94,67,Yes under Community Eligibility Option (CEO),false,3rd Grade,6th Grade
560530200489,Farson-Eden Elementary,Sweetwater County School District #1,Farson,45,14,Yes participating without using any Provision or the CEO,false,Kindergarten,5th Grade
560530200293,Farson-Eden High School,Sweetwater County School District #1,Farson,53,17,Yes participating without using any Provision or the CEO,false,9th Grade,12th Grade
560530200524,Farson-Eden Middle School,Sweetwater County School District #1,Farson,39,14,Yes participating without using any Provision or the CEO,false,6th Grade,8th Grade
560198000371,Freedom Elementary,Laramie County School District #1,Cheyenne,323,112,Yes participating without using any Provision or the CEO,false,Kindergarten,6th Grade
560522000562,Frontier Academy,Fremont County School District #25,Riverton,42,15,Yes participating without using any Provision or the CEO,true,9th Grade,12th Grade
560451000240,Ft. Caspar Academy,Natrona County School District #1,Casper,356,146,Yes participating without using any Provision or the CEO,false,Kindergarten,5th Grade
560282000498,Ft. Washakie Elementary,Fremont County School District #21,Ft. Washakie,255,236,Yes under Community Eligibility Option (CEO),false,Prekindergarten,6th Grade
560282000552,Ft. Washakie High School,Fremont County School District #21,Ft. Washakie,91,91,Yes under Community Eligibility Option (CEO),true,9th Grade,12th Grade
560282000370,Ft. Washakie Middle School,Fremont County School District #21,Ft. Washakie,67,67,Yes under Community Eligibility Option (CEO),true,7th Grade,8th Grade
560287000452,Gannett Peak Elementary,Fremont County School District # 1,Lander,436,176,Yes participating without using any Provision or the CEO,false,Kindergarten,3rd Grade
560198000109,Gilchrist Elementary,Laramie County School District #1,Cheyenne,129,29,Yes participating without using any Provision or the CEO,false,Kindergarten,6th Grade
560509000272,Glendo Elementary,Platte County School District #1,Glendo,17,7,Yes participating without using any Provision or the CEO,false,Prekindergarten,6th Grade
560509000533,Glendo Junior High School,Platte County School District #1,Glendo,6,,Yes participating without using any Provision or the CEO,false,7th Grade,8th Grade
560207000126,Glenn Livingston Elementary,Park County School District # 6,Cody,286,118,Yes participating without using any Provision or the CEO,false,Kindergarten,5th Grade
560215000037,Glenrock Intermediate School,Converse County School District #2,Glenrock,144,69,Yes under Community Eligibility Option (CEO),false,4th Grade,6th Grade
560215000137,Glenrock Jr/Sr High School,Converse County School District #2,Glenrock,305,128,Yes under Community Eligibility Option (CEO),false,7th Grade,12th Grade
560198000110,Goins Elementary,Laramie County School District #1,Cheyenne,299,202,Yes under Community Eligibility Option (CEO),false,Prekindergarten,6th Grade
560576200326,Granger Elementary,Sweetwater County School District #2,Granger,3,,Yes participating without using any Provision or the CEO,false,Kindergarten,5th Grade
560215000141,Grant Elementary,Converse County School District #2,Glenrock,185,77,Yes under Community Eligibility Option (CEO),false,Prekindergarten,3rd Grade
560576200324,Green River High School,Sweetwater County School District #2,Green River,757,244,Yes participating without using any Provision or the CEO,false,9th Grade,12th Grade
560317000176,Greybull Elementary,Big Horn County School District #3,Greybull,207,131,Yes participating without using any Provision or the CEO,false,Prekindergarten,5th Grade
560317000174,Greybull High School,Big Horn County School District #3,Greybull,136,81,Yes participating without using any Provision or the CEO,true,9th Grade,12th Grade
560317000378,Greybull Middle School,Big Horn County School District #3,Greybull,104,57,Yes participating without using any Provision or the CEO,true,6th Grade,8th Grade
560318000179,Guernsey-Sunrise Elementary,Platte County School District #2,Guernsey,96,57,Yes under Community Eligibility Option (CEO),false,Kindergarten,6th Grade
560318000379,Guernsey-Sunrise High School,Platte County School District #2,Guernsey,59,35,Yes under Community Eligibility Option (CEO),false,9th Grade,12th Grade
560318000499,Guernsey-Sunrise Junior High,Platte County School District #2,Guernsey,35,20,Yes under Community Eligibility Option (CEO),true,7th Grade,8th Grade
560170000085,Hanna Elementary,Carbon County School District #2,Hanna,66,51,Yes under Community Eligibility Option (CEO),false,Kindergarten,6th Grade
560073000011,Harmony Elementary,Albany County School District #1,Laramie,15,12,Yes under Community Eligibility Option (CEO),false,Kindergarten,5th Grade
560576200439,Harrison Elementary,Sweetwater County School District #2,Green River,208,68,Yes participating without using any Provision or the CEO,false,Kindergarten,5th Grade
560207000560,Heart Mountain Academy,Park County School District # 6,Cody,44,30,Yes under Community Eligibility Option (CEO),false,9th Grade,12th Grade
560198000111,Hebard Elementary,Laramie County School District #1,Cheyenne,120,77,Yes under Community Eligibility Option (CEO),false,Prekindergarten,6th Grade
560170000385,Hem Junior/Senior High School,Carbon County School District #2,Hanna,77,46,Yes under Community Eligibility Option (CEO),false,7th Grade,12th Grade
560198000112,Henderson Elementary,Laramie County School District #1,Cheyenne,244,142,Yes participating without using any Provision or the CEO,false,Kindergarten,6th Grade
560569500316,Henry A. Coffeen Elementary,Sheridan County School District #2,Sheridan,325,208,Yes participating without using any Provision or the CEO,false,Kindergarten,5th Grade
560569500317,Highland Park Elementary,Sheridan County School District #2,Sheridan,321,88,Yes participating without using any Provision or the CEO,false,Prekindergarten,5th Grade
560147000067,Hillcrest Elementary,Campbell County School District #1,Gillette,370,272,Yes participating without using any Provision or the CEO,false,Kindergarten,6th Grade
560198000113,Hobbs Elementary,Laramie County School District #1,Cheyenne,220,47,Yes participating without using any Provision or the CEO,false,Kindergarten,4th Grade
560276000376,Horizon Alternative School,Uinta County School District #1,Evanston,51,45,Yes participating without using any Provision or the CEO,true,7th Grade,12th Grade
560331000180,Hot Springs County High School,Hot Springs County School District #1,Thermopolis,184,80,Yes participating without using any Provision or the CEO,false,9th Grade,12th Grade
560237000407,Hulett School,Crook County School District #1,Hulett,168,81,Yes participating without using any Provision or the CEO,true,Kindergarten,12th Grade
560073000004,Indian Paintbrush Elementary,Albany County School District #1,Laramie,269,65,Yes participating without using any Provision or the CEO,false,Kindergarten,5th Grade
560583000313,Jackson Elementary,Teton County School District #1,Jackson,319,82,Yes participating without using any Provision or the CEO,false,Prekindergarten,5th Grade
560522000575,Jackson Elementary,Fremont County School District #25,Riverton,173,98,Yes participating without using any Provision or the CEO,false,Kindergarten,2nd Grade
560583000335,Jackson Hole High School,Teton County School District #1,Jackson,861,221,Yes participating without using any Provision or the CEO,false,9th Grade,12th Grade
560583000336,Jackson Hole Middle School,Teton County School District #1,Jackson,664,186,Yes participating without using any Provision or the CEO,false,6th Grade,8th Grade
560198000115,Jessup Elementary,Laramie County School District #1,Cheyenne,118,18,Yes participating without using any Provision or the CEO,false,Kindergarten,4th Grade
560569500189,John C. Schiffer Collaborative School,Sheridan County School District #2,Sheridan,70,41,Yes participating without using any Provision or the CEO,true,9th Grade,12th Grade
560198000094,Johnson Junior High School,Laramie County School District #1,Cheyenne,574,411,Yes under Community Eligibility Option (CEO),true,7th Grade,8th Grade
560451000247,Journey Elementary,Natrona County School District #1,Casper,348,197,Yes participating without using any Provision or the CEO,false,Prekindergarten,5th Grade
560377000449,Kaycee School,Johnson County School District #1,Kaycee,115,43,Yes participating without using any Provision or the CEO,false,Prekindergarten,12th Grade
560583000339,Kelly Elementary,Teton County School District #1,Kelly,39,3,Yes participating without using any Provision or the CEO,false,Kindergarten,5th Grade
560451000229,Kelly Walsh High School,Natrona County School District #1,Casper,2002,755,Yes participating without using any Provision or the CEO,false,9th Grade,12th Grade
560403000557,Kemmerer Junior Senior High School,Lincoln County School District #1,Kemmerer,288,,No,false,7th Grade,12th Grade
560126000044,La Barge Elementary,Sublette County School District #9,LaBarge,38,20,Yes participating without using any Provision or the CEO,false,Kindergarten,5th Grade
560299000475,Lagrange Elementary,Goshen County School District #1,La Grange,16,7,Yes under Community Eligibility Option (CEO),false,Kindergarten,6th Grade
560147000070,Lakeview Elementary,Campbell County School District #1,Gillette,378,221,Yes participating without using any Provision or the CEO,false,Kindergarten,6th Grade
560423000218,Lance Creek Elementary,Niobrara County School District #1,Lance Creek,6,,No,false,Kindergarten,6th Grade
560287000198,Lander Middle School,Fremont County School District # 1,Lander,324,125,Yes participating without using any Provision or the CEO,true,6th Grade,8th Grade
560287000163,Lander Valley High School,Fremont County School District # 1,Lander,538,179,Yes participating without using any Provision or the CEO,false,9th Grade,12th Grade
560073000001,Laramie High School,Albany County School District #1,Laramie,1070,278,Yes participating without using any Provision or the CEO,false,9th Grade,12th Grade
560073000002,Laramie Middle School,Albany County School District #1,Laramie,735,255,Yes participating without using any Provision or the CEO,false,6th Grade,8th Grade
560073000542,Laramie Montessori Charter School,Albany County School District #1,Laramie,97,35,Yes participating without using any Provision or the CEO,false,Prekindergarten,6th Grade
560109000038,Laura Irwin Elementary,Big Horn County School District #4,Basin,122,59,Yes participating without using any Provision or the CEO,false,Prekindergarten,5th Grade
560198000116,Lebhart Elementary,Laramie County School District #1,Cheyenne,105,63,Yes under Community Eligibility Option (CEO),false,Prekindergarten,2nd Grade
560509000275,Libbey Elementary,Platte County School District #1,Wheatland,198,86,Yes participating without using any Provision or the CEO,false,Prekindergarten,2nd Grade
560299000464,Lincoln Elementary,Goshen County School District #1,Torrington,238,113,Yes under Community Eligibility Option (CEO),false,Kindergarten,2nd Grade
560451000249,Lincoln Elementary School,Natrona County School District #1,Casper,433,309,Yes participating without using any Provision or the CEO,false,Prekindergarten,5th Grade
560576200399,Lincoln Middle School,Sweetwater County School District #2,Green River,504,187,Yes participating without using any Provision or the CEO,false,6th Grade,8th Grade
560299000172,Lingle-Ft. Laramie Elementary,Goshen County School District #1,Lingle,112,53,Yes under Community Eligibility Option (CEO),false,Kindergarten,5th Grade
560299000167,Lingle-Ft. Laramie High School,Goshen County School District #1,Lingle,107,50,Yes under Community Eligibility Option (CEO),false,9th Grade,12th Grade
560299000373,Lingle-Ft. Laramie Middle School,Goshen County School District #1,Lingle,72,34,Yes under Community Eligibility Option (CEO),false,6th Grade,8th Grade
560147000068,Little Powder Elementary,Campbell County School District #1,Weston,19,6,Yes participating without using any Provision or the CEO,false,Kindergarten,8th Grade
560103000124,Little Snake River Valley School,Carbon County School District #1,Baggs,195,52,Yes participating without using any Provision or the CEO,false,Kindergarten,12th Grade
560146000056,Lovell Elementary,Big Horn County School District #2,Lovell,309,171,Yes participating without using any Provision or the CEO,false,Prekindergarten,5th Grade
560146000054,Lovell High School,Big Horn County School District #2,Lovell,226,93,Yes participating without using any Provision or the CEO,false,9th Grade,12th Grade
560146000055,Lovell Middle School,Big Horn County School District #2,Lovell,173,80,Yes participating without using any Provision or the CEO,false,6th Grade,8th Grade
560423000219,Lusk Elementary,Niobrara County School District #1,Lusk,292,,No,false,Prekindergarten,5th Grade
560423000215,Lusk Middle School,Niobrara County School District #1,Lusk,250,,No,false,6th Grade,8th Grade
560426000222,Lyman High School,Uinta County School District #6,Lyman,254,69,Yes participating without using any Provision or the CEO,false,9th Grade,12th Grade
560426000357,Lyman Intermediate School,Uinta County School District #6,Lyman,228,57,Yes participating without using any Provision or the CEO,false,5th Grade,8th Grade
560451000245,Manor Heights Elementary,Natrona County School District #1,Casper,299,177,Yes participating without using any Provision or the CEO,false,Kindergarten,5th Grade
560198000095,McCormick Junior High School,Laramie County School District #1,Cheyenne,622,162,Yes participating without using any Provision or the CEO,false,7th Grade,8th Grade
560576200329,McKinnon Elementary,Sweetwater County School District #2,McKinnon,12,7,Yes participating without using any Provision or the CEO,false,Kindergarten,6th Grade
568025500576,Meadowlark Academy,Rite of Passage,Cheyenne,0,,Yes participating without using any Provision or the CEO,true,6th Grade,12th Grade
560377000380,Meadowlark Elementary,Johnson County School District #1,Buffalo,211,92,Yes participating without using any Provision or the CEO,false,Prekindergarten,2nd Grade
560198000567,Meadowlark Elementary,Laramie County School District #1,Cheyenne,453,154,Yes participating without using any Provision or the CEO,false,5th Grade,6th Grade
560147000069,Meadowlark Elementary,Campbell County School District #1,Gillette,239,169,Yes participating without using any Provision or the CEO,false,Kindergarten,6th Grade
560569500397,Meadowlark Elementary,Sheridan County School District #2,Sheridan,316,119,Yes participating without using any Provision or the CEO,false,Kindergarten,5th Grade
560170000087,Medicine Bow Elementary,Carbon County School District #2,Medicine Bow,5,,Yes under Community Eligibility Option (CEO),false,Kindergarten,6th Grade
560438000139,Meeteetse School,Park County School District #16,Meeteetse,98,,No,false,Prekindergarten,12th Grade
560451000133,Midwest School,Natrona County School District #1,Midwest,127,88,Yes participating without using any Provision or the CEO,true,Prekindergarten,12th Grade
560198000117,Miller Elementary,Laramie County School District #1,Cheyenne,59,17,Yes participating without using any Provision or the CEO,false,4th Grade,6th Grade
560576200582,Monroe Elementary School,Sweetwater County School District #2,Green River,296,109,Yes participating without using any Provision or the CEO,false,Kindergarten,5th Grade
560237000564,Moorcroft Elementary,Crook County School District #1,Moorcroft,318,191,Yes participating without using any Provision or the CEO,true,Kindergarten,6th Grade
560237000566,Moorcroft Secondary School,Crook County School District #1,Moorcroft,269,119,Yes participating without using any Provision or the CEO,false,7th Grade,12th Grade
560583000340,Moran Elementary,Teton County School District #1,Moran,10,,No,false,Kindergarten,5th Grade
560214000130,Moss Agate Elementary,Converse County School District #1,Douglas,13,,No,false,Kindergarten,8th Grade
560450000227,Mountain View High School,Uinta County School District #4,Mountain View,230,51,Yes participating without using any Provision or the CEO,false,9th Grade,12th Grade
560450000558,Mountain View K-8,Uinta County School District #4,Mountain View,454,113,Yes participating without using any Provision or the CEO,true,Kindergarten,8th Grade
560583000583,Munger Mountain Elementary School,Teton County School District #1,Jackson,355,168,Yes participating without using any Provision or the CEO,false,Kindergarten,5th Grade
560451000231,Natrona County High School,Natrona County School District #1,Casper,1703,702,Yes participating without using any Provision or the CEO,false,9th Grade,12th Grade
560403000358,New Frontier High School,Lincoln County School District #1,Kemmerer,18,,No,false,7th Grade,12th Grade
560377000586,New West High School,Johnson County School District #1,Buffalo,29,16,Yes participating without using any Provision or the CEO,false,9th Grade,12th Grade
560483000265,Newcastle Elementary 3-5,Weston County School District #1,Newcastle,157,57,Yes participating without using any Provision or the CEO,false,3rd Grade,5th Grade
560483000015,Newcastle Elementary K-2,Weston County School District #1,Newcastle,163,76,Yes participating without using any Provision or the CEO,false,Kindergarten,2nd Grade
560483000263,Newcastle High School,Weston County School District #1,Newcastle,236,66,Yes participating without using any Provision or the CEO,false,9th Grade,12th Grade
560483000264,Newcastle Middle School,Weston County School District #1,Newcastle,189,69,Yes participating without using any Provision or the CEO,false,6th Grade,8th Grade
560423000214,Niobrara County High School,Niobrara County School District #1,Lusk,387,,No,false,9th Grade,12th Grade
560276000433,North Evanston Elementary,Uinta County School District #1,Evanston,268,166,Yes participating without using any Provision or the CEO,false,Kindergarten,5th Grade
560530200421,Northpark Elementary,Sweetwater County School District #1,Rock Springs,165,83,Yes participating without using any Provision or the CEO,false,Kindergarten,3rd Grade
560073000550,Notch Peak Elementary,Albany County School District #1,Wheatland,3,,No,false,Kindergarten,8th Grade
560451000420,Oregon Trail Elementary,Natrona County School District #1,Casper,272,134,Yes participating without using any Provision or the CEO,false,Kindergarten,5th Grade
560406000404,Osmond Elementary,Lincoln County School District #2,Afton,349,113,Yes participating without using any Provision or the CEO,false,4th Grade,6th Grade
560147000435,Paintbrush Elementary,Campbell County School District #1,Gillette,266,85,Yes participating without using any Provision or the CEO,false,Kindergarten,6th Grade
560451000250,Paradise Valley Elementary,Natrona County School District #1,Casper,359,136,Yes participating without using any Provision or the CEO,false,Kindergarten,5th Grade
560451000251,Park Elementary,Natrona County School District #1,Casper,344,125,Yes participating without using any Provision or the CEO,false,Kindergarten,5th Grade
560516000281,Parkside Elementary,Park County School District # 1,Powell,202,129,Yes participating without using any Provision or the CEO,false,Kindergarten,5th Grade
560287000154,Pathfinder High School,Fremont County School District # 1,Lander,58,42,Yes under Community Eligibility Option (CEO),true,9th Grade,12th Grade
560509000573,Peak High School,Platte County School District #1,Wheatland,16,9,Yes participating without using any Provision or the CEO,false,9th Grade,12th Grade
560530200296,Pilot Butte Elementary,Sweetwater County School District #1,Rock Springs,547,213,Yes participating without using any Provision or the CEO,false,4th Grade,6th Grade
560412000213,Pine Bluffs Elementary,Laramie County School District #2,Pine Bluffs,177,83,Yes participating without using any Provision or the CEO,false,Kindergarten,6th Grade
560412000210,Pine Bluffs Jr & Sr High School,Laramie County School District #2,Pine Bluffs,189,85,Yes participating without using any Provision or the CEO,false,7th Grade,12th Grade
560486000270,Pinedale Elementary,Sublette County School District #1,Pinedale,424,123,Yes participating without using any Provision or the CEO,false,Kindergarten,5th Grade
560486000267,Pinedale High School,Sublette County School District #1,Pinedale,316,68,Yes participating without using any Provision or the CEO,false,9th Grade,12th Grade
560486000268,Pinedale Middle School,Sublette County School District #1,Pinedale,255,65,Yes participating without using any Provision or the CEO,false,6th Grade,8th Grade
560451000252,Pineview Elementary,Natrona County School District #1,Casper,258,139,Yes participating without using any Provision or the CEO,false,Prekindergarten,5th Grade
560198000118,Pioneer Park Elementary,Laramie County School District #1,Cheyenne,420,148,Yes participating without using any Provision or the CEO,false,Prekindergarten,6th Grade
560299000585,Platte River School,Goshen County School District #1,Torrington,26,12,Yes under Community Eligibility Option (CEO),false,9th Grade,12th Grade
560198000547,Poder Academy,Laramie County School District #1,Cheyenne,214,107,Yes participating without using any Provision or the CEO,false,Kindergarten,6th Grade
560198000574,Poder Academy Secondary School,Laramie County School District #1,Cheyenne,131,50,Yes participating without using any Provision or the CEO,false,7th Grade,12th Grade
560451000253,Poison Spider Elementary,Natrona County School District #1,Casper,190,101,Yes participating without using any Provision or the CEO,true,Kindergarten,8th Grade
568018000031,Powder River Basin Children's Center,Northeast Wyoming BOCES,Gillette,0,,No,true,Kindergarten,12th Grade
560516000278,Powell High School,Park County School District # 1,Powell,573,216,Yes participating without using any Provision or the CEO,false,9th Grade,12th Grade
560516000279,Powell Middle School,Park County School District # 1,Powell,387,174,Yes participating without using any Provision or the CEO,true,6th Grade,8th Grade
568025900599,Prairie View Community School,Prairie View Community School,Chugwater,90,,No,false,Prekindergarten,12th Grade
560198000563,Prairie Wind Elementary,Laramie County School District #1,Cheyenne,299,33,Yes participating without using any Provision or the CEO,false,Kindergarten,4th Grade
560147000349,Prairie Wind Elementary,Campbell County School District #1,Gillette,404,178,Yes participating without using any Provision or the CEO,false,Kindergarten,6th Grade
560147000019,Pronghorn Elementary,Campbell County School District #1,Gillette,334,92,Yes participating without using any Provision or the CEO,false,Kindergarten,6th Grade
560331000185,Ralph Witters Elementary,Hot Springs County School District #1,Thermopolis,214,102,Yes participating without using any Provision or the CEO,false,Prekindergarten,4th Grade
560147000071,Rawhide Elementary,Campbell County School District #1,Gillette,107,72,Yes participating without using any Provision or the CEO,false,Kindergarten,6th Grade
560103000541,Rawlins Elementary,Carbon County School District #1,Rawlins,666,326,Yes participating without using any Provision or the CEO,false,Prekindergarten,5th Grade
560103000026,Rawlins High School,Carbon County School District #1,Rawlins,436,156,Yes participating without using any Provision or the CEO,false,9th Grade,12th Grade
560103000028,Rawlins Middle School,Carbon County School District #1,Rawlins,308,133,Yes participating without using any Provision or the CEO,true,6th Grade,8th Grade
560147000072,Recluse School,Campbell County School District #1,Recluse,16,4,Yes participating without using any Provision or the CEO,true,Kindergarten,8th Grade
560451000469,Red Creek Elementary,Natrona County School District #1,Casper,3,,No,false,Kindergarten,5th Grade
560522000220,Rendezvous Elementary,Fremont County School District #25,Riverton,324,155,Yes participating without using any Provision or the CEO,false,3rd Grade,5th Grade
560109000036,Riverside Middle/High School,Big Horn County School District #4,Basin,129,50,Yes participating without using any Provision or the CEO,false,6th Grade,12th Grade
560522000286,Riverton High School,Fremont County School District #25,Riverton,701,226,Yes participating without using any Provision or the CEO,false,9th Grade,12th Grade
560522000287,Riverton Middle School,Fremont County School District #25,Riverton,559,210,Yes participating without using any Provision or the CEO,false,6th Grade,8th Grade
560073000453,Rock River Elementary,Albany County School District #1,Rock River,35,15,Yes participating without using any Provision or the CEO,false,Prekindergarten,6th Grade
560073000003,Rock River High School,Albany County School District #1,Rock River,36,19,Yes participating without using any Provision or the CEO,false,9th Grade,12th Grade
560073000017,Rock River Junior High School,Albany County School District #1,Rock River,24,13,Yes participating without using any Provision or the CEO,true,7th Grade,8th Grade
560530200294,Rock Springs High School,Sweetwater County School District #1,Rock Springs,1393,563,Yes participating without using any Provision or the CEO,false,9th Grade,12th Grade
560530200295,Rock Springs Junior High,Sweetwater County School District #1,Rock Springs,746,353,Yes participating without using any Provision or the CEO,false,7th Grade,8th Grade
560142000365,Rocky Mountain Elementary,Big Horn County School District #1,Cowley,322,173,Yes participating without using any Provision or the CEO,false,Prekindergarten,5th Grade
560142000046,Rocky Mountain High School,Big Horn County School District #1,Cowley,439,147,Yes participating without using any Provision or the CEO,true,9th Grade,12th Grade
560142000428,Rocky Mountain Middle School,Big Horn County School District #1,Cowley,250,116,Yes participating without using any Provision or the CEO,true,6th Grade,8th Grade
560451000256,Roosevelt High School,Natrona County School District #1,Casper,206,158,Yes participating without using any Provision or the CEO,true,9th Grade,12th Grade
560198000119,Rossman Elementary,Laramie County School District #1,Cheyenne,305,206,Yes under Community Eligibility Option (CEO),false,Prekindergarten,6th Grade
560147000073,Rozet Elementary,Campbell County School District #1,Rozet,225,109,Yes participating without using any Provision or the CEO,false,Kindergarten,6th Grade
560198000426,Saddle Ridge Elementary,Laramie County School District #1,Cheyenne,333,92,Yes participating without using any Provision or the CEO,false,Kindergarten,6th Grade
560530200427,Sage Elementary,Sweetwater County School District #1,Rock Springs,352,163,Yes participating without using any Provision or the CEO,false,Kindergarten,3rd Grade
560147000410,Sage Valley Junior High School,Campbell County School District #1,Gillette,589,210,Yes participating without using any Provision or the CEO,false,7th Grade,8th Grade
560569500474,Sagebrush Elementary,Sheridan County School District #2,Sheridan,330,190,Yes participating without using any Provision or the CEO,false,Kindergarten,5th Grade
560451000444,Sagewood Elementary,Natrona County School District #1,Casper,340,189,Yes participating without using any Provision or the CEO,false,Prekindergarten,5th Grade
560001000156,Saint Joseph's Children's Home,Saint Joseph's Children's Home - Administration Office,Torrington,0,,No,true,Kindergarten,12th Grade
560170000088,Saratoga Elementary,Carbon County School District #2,Saratoga,166,62,Yes participating without using any Provision or the CEO,false,Kindergarten,6th Grade
560170000390,Saratoga Middle/High School,Carbon County School District #2,Saratoga,139,39,Yes participating without using any Provision or the CEO,false,7th Grade,12th Grade
560214000132,Shawnee Elementary,Converse County School District #1,Douglas,12,,No,false,Kindergarten,8th Grade
560569500360,Sheridan High School,Sheridan County School District #2,Sheridan,1001,324,Yes participating without using any Provision or the CEO,false,9th Grade,12th Grade
560569500361,Sheridan Junior High School,Sheridan County School District #2,Sheridan,766,270,Yes participating without using any Provision or the CEO,false,6th Grade,8th Grade
560516000196,Shoshone Learning Center,Park County School District # 1,Powell,19,10,Yes participating without using any Provision or the CEO,false,9th Grade,12th Grade
560570000362,Shoshoni Elementary,Fremont County School District #24,Shoshoni,220,,No,false,Prekindergarten,6th Grade
560570000323,Shoshoni High School,Fremont County School District #24,Shoshoni,117,,No,false,9th Grade,12th Grade
560570000510,Shoshoni Junior High School,Fremont County School District #24,Shoshoni,50,,No,false,7th Grade,8th Grade
560486000559,Skyline High School,Sublette County School District #1,Pinedale,33,19,Yes participating without using any Provision or the CEO,false,9th Grade,12th Grade
560569000472,Slack Elementary,Sheridan County School District #1,Ranchester,29,,No,false,Kindergarten,5th Grade
560073000020,Slade Elementary,Albany County School District #1,Laramie,440,172,Yes participating without using any Provision or the CEO,false,Prekindergarten,5th Grade
560073000216,Snowy Range Academy,Albany County School District #1,Laramie,260,78,Yes participating without using any Provision or the CEO,false,Kindergarten,8th Grade
560198000448,South High School,Laramie County School District #1,Cheyenne,1112,796,Yes under Community Eligibility Option (CEO),false,9th Grade,12th Grade
560624000578,South Side Elementary,Washakie County School District #1,Worland,158,73,Yes participating without using any Provision or the CEO,false,2nd Grade,3rd Grade
560299000171,Southeast Elementary,Goshen County School District #1,Yoder,112,53,Yes under Community Eligibility Option (CEO),false,Kindergarten,6th Grade
560299000483,Southeast High School,Goshen County School District #1,Yoder,83,39,Yes under Community Eligibility Option (CEO),false,9th Grade,12th Grade
560299000482,Southeast Junior High School,Goshen County School District #1,Yoder,45,21,Yes under Community Eligibility Option (CEO),false,7th Grade,8th Grade
560451000257,Southridge Elementary,Natrona County School District #1,Casper,322,145,Yes participating without using any Provision or the CEO,false,Kindergarten,5th Grade
560516000282,Southside Elementary,Park County School District # 1,Powell,287,168,Yes participating without using any Provision or the CEO,false,Kindergarten,5th Grade
560073000006,Spring Creek Elementary,Albany County School District #1,Laramie,307,107,Yes participating without using any Provision or the CEO,false,Prekindergarten,5th Grade
560530200565,Stagecoach Elementary,Sweetwater County School District #1,Rock Springs,394,199,Yes participating without using any Provision or the CEO,false,Kindergarten,3rd Grade
560406000202,Star Valley High School,Lincoln County School District #2,Afton,846,183,Yes participating without using any Provision or the CEO,false,9th Grade,12th Grade
560406000203,Star Valley Middle School,Lincoln County School District #2,Afton,428,147,Yes participating without using any Provision or the CEO,false,7th Grade,8th Grade
560147000568,Stocktrail Elementary,Campbell County School District #1,Gillette,554,229,Yes participating without using any Provision or the CEO,false,Kindergarten,6th Grade
560569500320,Story Elementary,Sheridan County School District #2,Story,23,9,Yes participating without using any Provision or the CEO,false,Kindergarten,5th Grade
560451000451,Summit Elementary School,Natrona County School District #1,Casper,437,103,Yes participating without using any Provision or the CEO,false,Kindergarten,5th Grade
560583000512,Summit Innovations School,Teton County School District #1,Jackson,36,,No,false,9th Grade,12th Grade
560237000150,Sundance Elementary,Crook County School District #1,Sundance,250,64,Yes participating without using any Provision or the CEO,false,Kindergarten,6th Grade
560237000405,Sundance Secondary School,Crook County School District #1,Sundance,198,49,Yes participating without using any Provision or the CEO,false,7th Grade,12th Grade
560147000436,Sunflower Elementary,Campbell County School District #1,Gillette,311,182,Yes participating without using any Provision or the CEO,false,Kindergarten,6th Grade
560198000396,Sunrise Elementary,Laramie County School District #1,Cheyenne,315,225,Yes under Community Eligibility Option (CEO),false,Kindergarten,6th Grade
560207000521,Sunset Elementary,Park County School District # 6,Cody,290,127,Yes participating without using any Provision or the CEO,false,Kindergarten,5th Grade
560406000193,Swift Creek High School,Lincoln County School District #2,Afton,72,38,Yes participating without using any Provision or the CEO,false,9th Grade,12th Grade
560582000393,Ten Sleep K-12,Washakie County School District #2,Ten Sleep,104,44,Yes participating without using any Provision or the CEO,false,Prekindergarten,12th Grade
560406000206,Thayne Elementary,Lincoln County School District #2,Thayne,344,116,Yes participating without using any Provision or the CEO,false,Kindergarten,3rd Grade
560569000554,The Bridge School,Sheridan County School District #1,Dayton,10,,No,false,6th Grade,12th Grade
560569500140,The Wright Place,Sheridan County School District #2,Sheridan,16,12,Yes participating without using any Provision or the CEO,true,6th Grade,8th Grade
560331000181,Thermopolis Middle School,Hot Springs County School District #1,Thermopolis,186,74,Yes participating without using any Provision or the CEO,true,5th Grade,8th Grade
560147000580,Thunder Basin High School,Campbell County School District #1,Gillette,1206,338,Yes participating without using any Provision or the CEO,false,9th Grade,12th Grade
560569000314,Tongue River Elementary,Sheridan County School District #1,Ranchester,255,119,Yes participating without using any Provision or the CEO,false,Kindergarten,5th Grade
560569000312,Tongue River High School,Sheridan County School District #1,Dayton,276,,No,false,9th Grade,12th Grade
560569000447,Tongue River Middle School,Sheridan County School District #1,Ranchester,152,,No,false,6th Grade,8th Grade
560299000168,Torrington High School,Goshen County School District #1,Torrington,328,156,Yes under Community Eligibility Option (CEO),false,9th Grade,12th Grade
560299000169,Torrington Middle School,Goshen County School District #1,Torrington,239,113,Yes under Community Eligibility Option (CEO),true,6th Grade,8th Grade
560299000488,Trail Elementary,Goshen County School District #1,Torrington,239,113,Yes under Community Eligibility Option (CEO),false,3rd Grade,5th Grade
560198000092,Triumph High School,Laramie County School District #1,Cheyenne,189,135,Yes under Community Eligibility Option (CEO),true,9th Grade,12th Grade
560576200425,Truman Elementary,Sweetwater County School District #2,Green River,263,128,Yes participating without using any Provision or the CEO,false,Kindergarten,5th Grade
560147000058,Twin Spruce Junior High School,Campbell County School District #1,Gillette,667,317,Yes participating without using any Provision or the CEO,true,7th Grade,8th Grade
560276000414,Uinta Meadows Elementary,Uinta County School District #1,Evanston,408,223,Yes participating without using any Provision or the CEO,false,Kindergarten,5th Grade
560609000363,Upton Elementary,Weston County School District #7,Upton,574,,No,false,Kindergarten,5th Grade
560609000401,Upton High School,Weston County School District #7,Upton,79,,No,false,9th Grade,12th Grade
560609000342,Upton Middle School,Weston County School District #7,Upton,206,,No,false,6th Grade,8th Grade
560426000418,Urie Elementary,Uinta County School District #6,Lyman,242,73,Yes participating without using any Provision or the CEO,false,Kindergarten,4th Grade
560073000535,Uw Laboratory School,Albany County School District #1,Laramie,162,48,Yes participating without using any Provision or the CEO,false,Kindergarten,8th Grade
560207000430,Valley Elementary,Park County School District # 6,Cody,6,,No,false,Kindergarten,5th Grade
560073000014,Velma Linford Elementary,Albany County School District #1,Laramie,250,142,Yes under Community Eligibility Option (CEO),false,Prekindergarten,5th Grade
560451000389,Verda James Elementary,Natrona County School District #1,Casper,448,133,Yes participating without using any Provision or the CEO,false,Kindergarten,5th Grade
560103000147,Victory High School,Carbon County School District #1,Rawlins,28,16,Yes under Community Eligibility Option (CEO),true,9th Grade,12th Grade
560147000076,Wagonwheel Elementary,Campbell County School District #1,Gillette,244,121,Yes participating without using any Provision or the CEO,false,Prekindergarten,6th Grade
560530200305,Walnut Elementary,Sweetwater County School District #1,Rock Springs,195,101,Yes participating without using any Provision or the CEO,false,Kindergarten,3rd Grade
560207000125,Wapiti Elementary,Park County School District # 6,Cody,18,12,Yes under Community Eligibility Option (CEO),false,Kindergarten,5th Grade
560576200332,Washington Elementary,Sweetwater County School District #2,Green River,208,93,Yes participating without using any Provision or the CEO,false,Kindergarten,5th Grade
560509000277,West Elementary,Platte County School District #1,Wheatland,195,85,Yes participating without using any Provision or the CEO,false,3rd Grade,5th Grade
560624000577,West Side Elementary,Washakie County School District #1,Worland,158,66,Yes participating without using any Provision or the CEO,false,4th Grade,5th Grade
560516000283,Westside Elementary,Park County School District # 1,Powell,296,116,Yes participating without using any Provision or the CEO,false,Kindergarten,5th Grade
560147000479,Westwood High School,Campbell County School District #1,Gillette,150,79,Yes participating without using any Provision or the CEO,false,9th Grade,12th Grade
560509000273,Wheatland High School,Platte County School District #1,Wheatland,258,80,Yes participating without using any Provision or the CEO,false,9th Grade,12th Grade
560509000274,Wheatland Middle School,Platte County School District #1,Wheatland,192,85,Yes participating without using any Provision or the CEO,true,6th Grade,8th Grade
560214000135,White Elementary,Converse County School District #1,Douglas,16,,No,false,Kindergarten,8th Grade
560624000596,White Hawk Academy,Washakie County School District #1,Worland,16,,No,false,6th Grade,12th Grade
560073000066,Whiting High School,Albany County School District #1,Laramie,43,25,Yes under Community Eligibility Option (CEO),true,9th Grade,12th Grade
560198000120,Willadsen Elementary,Laramie County School District #1,Granite Canyon,7,,No,false,Kindergarten,6th Grade
560522000570,Willow Creek Elementary,Fremont County School District #25,Riverton,269,105,Yes participating without using any Provision or the CEO,false,Kindergarten,4th Grade
560583000341,Wilson Elementary,Teton County School District #1,Wilson,192,12,Yes participating without using any Provision or the CEO,false,Kindergarten,5th Grade
560283000160,Wind River Elementary,Fremont County School District # 6,Pavillion,135,96,Yes under Community Eligibility Option (CEO),false,Prekindergarten,5th Grade
560283000544,Wind River High School,Fremont County School District # 6,Pavillion,117,78,Yes under Community Eligibility Option (CEO),false,9th Grade,12th Grade
560283000561,Wind River Learning Academy,Fremont County School District # 6,Pavillion,8,,Yes under Community Eligibility Option (CEO),false,9th Grade,12th Grade
560283000545,Wind River Middle School,Fremont County School District # 6,Pavillion,75,50,Yes under Community Eligibility Option (CEO),false,6th Grade,8th Grade
560569500322,Woodland Park Elementary,Sheridan County School District #2,Sheridan,286,106,Yes participating without using any Provision or the CEO,false,Prekindergarten,5th Grade
560451000262,Woods Learning Center,Natrona County School District #1,Casper,170,87,Yes participating without using any Provision or the CEO,false,Kindergarten,8th Grade
560624000343,Worland High School,Washakie County School District #1,Worland,339,,No,false,9th Grade,12th Grade
560624000344,Worland Middle School,Washakie County School District #1,Worland,270,,No,false,6th Grade,8th Grade
560147000429,Wright Jr. & Sr. High School,Campbell County School District #1,Wright,174,67,Yes participating without using any Provision or the CEO,false,7th Grade,12th Grade
568025800598,Wyoming Classical Academy,Wyoming Classical Academy,Mills,298,,No,false,Kindergarten,7th Grade
568025100534,Wyoming Girls School,Wyoming Department of Family Services,Sheridan,0,,No,true,7th Grade,12th Grade
560445000226,Wyoming Indian Elementary,Fremont County School District #14,Ethete,250,193,Yes under Community Eligibility Option (CEO),false,Prekindergarten,5th Grade
560445000441,Wyoming Indian High School,Fremont County School District #14,Ethete,180,147,Yes under Community Eligibility Option (CEO),true,9th Grade,12th Grade
560445000386,Wyoming Indian Middle School,Fremont County School District #14,Ethete,143,117,Yes under Community Eligibility Option (CEO),true,6th Grade,8th Grade
568025200350,Youth Emergency Services Inc.,Youth Emergency Services Inc. - Administration Office,Gillette,0,,No,true,7th Grade,12th Grade
